"436. station wagon,","beach wagon, station wagon, wagon, estate car, beach waggon, station waggon, waggon,",item,vehicle,landcraft,,,,,,,
"444. tandem bicycle,","bicycle-built-for-two, tandem bicycle, tandem,",item,vehicle,landcraft,,,,,,,
"466. high-speed train,","bullet train, bullet,",item,vehicle,landcraft,,,,,,,
"468. taxicab,","cab, hack, taxi, taxicab,",item,vehicle,landcraft,,,,,,,
"472. canoe,","canoe,",item,vehicle,watercraft,,,,,,,
"479. car wheel,","car wheel,",item,vehicle,landcraft,,,,,,,
"484. catamaran,","catamaran,",item,vehicle,watercraft,,,,,,,
"510. container ship,","container ship, containership, container vessel,",item,vehicle,watercraft,,,,,,,
"511. convertible,","convertible,",item,vehicle,landcraft,,,,,,,
"517. crane,","crane,",item,vehicle,landcraft,,,,,,,
"537. dog sled,","dogsled, dog sled, dog sleigh,",item,vehicle,landcraft,,,,,,,
"547. electric locomotive,","electric locomotive,",item,vehicle,landcraft,,,,,,,
"554. fireboat,","fireboat,",item,vehicle,watercraft,,,,,,,
"555. fire engine,","fire engine, fire truck,",item,vehicle,landcraft,,,,,,,
"561. forklift,","forklift,",item,vehicle,landcraft,,,,,,,
"565. freight car,","freight car,",item,vehicle,landcraft,,,,,,,
"569. garbage truck,","garbage truck, dustcart,",item,vehicle,landcraft,,,,,,,
"573. go-kart,","go-kart,",item,vehicle,landcraft,,,,,,,
"575. golf cart,","golfcart, golf cart,",item,vehicle,landcraft,,,,,,,
"576. gondola,","gondola,",item,vehicle,watercraft,,,,,,,
"603. horse-drawn vehicle,","horse cart, horse-cart,",item,vehicle,landcraft,,,,,,,
"609. jeep,","jeep, landrover,",item,vehicle,landcraft,,,,,,,
"612. pulled rickshaw,","jinrikisha, ricksha, rickshaw,",item,vehicle,landcraft,,,,,,,
"625. lifeboat,","lifeboat,",item,vehicle,watercraft,,,,,,,
"627. limousine,","limousine, limo,",item,vehicle,landcraft,,,,,,,
"628. ocean liner,","liner, ocean liner,",item,vehicle,watercraft,,,,,,,
"654. minibus,","minibus,",item,vehicle,landcraft,,,,,,,
"656. minivan,","minivan,",item,vehicle,landcraft,,,,,,,
"661. Model T,","Model T,",item,vehicle,landcraft,,,,,,,
"665. moped,","moped,",item,vehicle,landcraft,,,,,,,
"670. scooter,","motor scooter, scooter,",item,vehicle,landcraft,,,,,,,
"671. mountain bike,","mountain bike, all-terrain bike, off-roader,",item,vehicle,landcraft,,,,,,,
"675. moving van,","moving van,",item,vehicle,landcraft,,,,,,,
"686. oil filter,","oil filter,",item,vehicle,landcraft,,,,,,,
"690. bullock cart,","oxcart,",item,vehicle,landcraft,,,,,,,
"693. paddle,","paddle, boat paddle,",item,vehicle,watercraft,,,,,,,
"701. parachute,","parachute, chute,",item,vehicle,aircraft,,,,,,,
"705. passenger car,","passenger car, coach, carriage,",item,vehicle,landcraft,,,,,,,
"717. pickup truck,","pickup, pickup truck,",item,vehicle,landcraft,,,,,,,
"724. pirate ship,","pirate, pirate ship,",item,vehicle,watercraft,,,,,,,
"730. plow,","plow, plough,",item,vehicle,landcraft,,,,,,,
"734. police van,","police van, police wagon, paddy wagon, patrol wagon, wagon, black Maria,",item,vehicle,landcraft,,,,,,,
"757. recreational vehicle,","recreational vehicle, RV, R.V.,",item,vehicle,landcraft,,,,,,,
"779. school bus,","school bus,",item,vehicle,landcraft,,,,,,,
"802. snowmobile,","snowmobile,",item,vehicle,landcraft,,,,,,,
"803. snowplow,","snowplow, snowplough,",item,vehicle,landcraft,,,,,,,
"812. space shuttle,","space shuttle,",item,vehicle,spacecraft,,,,,,,
"814. motorboat,","speedboat,",item,vehicle,watercraft,,,,,,,
"817. sports car,","sports car, sport car,",item,vehicle,landcraft,,,,,,,
"820. steam locomotive,","steam locomotive,",item,vehicle,landcraft,,,,,,,
"829. tram,","streetcar, tram, tramcar, trolley, trolley car,",item,vehicle,landcraft,,,,,,,
"833. submarine,","submarine, pigboat, sub, U-boat,",item,vehicle,watercraft,,,,,,,
"847. tank,","tank, army tank, armored combat vehicle, armoured combat vehicle,",item,vehicle,landcraft,,,,,,,
"856. threshing machine,","thresher, thrasher, threshing machine,",item,vehicle,landcraft,,,,,,,
"864. tow truck,","tow truck, tow car, wrecker,",item,vehicle,landcraft,,,,,,,
"866. tractor,","tractor,",item,vehicle,landcraft,,,,,,,
"867. semi-trailer truck,","trailer truck, tractor trailer, trucking rig, rig, articulated lorry, semi,",item,vehicle,landcraft,,,,,,,
"870. tricycle,","tricycle, trike, velocipede,",item,vehicle,landcraft,,,,,,,
"871. trimaran,","trimaran,",item,vehicle,watercraft,,,,,,,
"874. trolleybus,","trolleybus, trolley coach, trackless trolley,",item,vehicle,landcraft,,,,,,,
"880. unicycle,","unicycle, monocycle,",item,vehicle,landcraft,,,,,,,
"895. military aircraft,","warplane, military plane,",item,vehicle,aircraft,,,,,,,
"908. wing,","wing,",item,vehicle,aircraft,,,,,,,
"914. yawl,","yawl,",item,vehicle,watercraft,,,,,,,
"586. half-track,","half track,",item,vehicle,landcraft,,,,,,,
"595. harvester,","harvester, reaper,",item,vehicle,landcraft,,,,,,,
"780. schooner,","schooner,",item,vehicle,watercraft,,,,,,,
"403. aircraft carrier,","aircraft carrier, carrier, flattop, attack aircraft carrier,",item,vehicle,watercraft,,,,,,,
"404. airliner,","airliner,",item,vehicle,aircraft,,,,,,,
"405. airship,","airship, dirigible,",item,vehicle,aircraft,,,,,,,
"407. ambulance,","ambulance,",item,vehicle,landcraft,,,,,,,
"408. amphibious vehicle,","amphibian, amphibious vehicle,",item,vehicle,amphibious,,,,,,,
"785. seat belt,","seat belt, seatbelt,",item,vehicle,landcraft,car,parts,,,,,
"535. disc brake,","disk brake, disc brake,",item,vehicle,landcraft,car,parts,,,,,
"417. balloon,","balloon,",item,vehicle,aircraft,,,,,,,
"426. barometer,","barometer,",item,vehicle,,,,,,,,
"475. car mirror,","car mirror,",item,vehicle,landcraft,,,,,,,
"581. grille,","grille, radiator grille,",item,vehicle,landcraft,car,,,,,,
"657. missile,","missile,",item,vehicle,aircraft,,,,,,,
"685. odometer,","odometer, hodometer, mileometer, milometer,",item,vehicle,,,,,,,,
"744. projectile,","projectile, missile,",item,vehicle,aircraft,,,,,,,
"958. hay,","hay,",food,vegetable,,,,,,,,
"936. cabbage,","head cabbage,",food,vegetable,,,,,,,,
"937. broccoli,","broccoli,",food,vegetable,,,,,,,,
"938. cauliflower,","cauliflower,",food,vegetable,,,,,,,,
"939. zucchini,","zucchini, courgette,",food,vegetable,,,,,,,,
"940. spaghetti squash,","spaghetti squash,",food,vegetable,,,,,,,,
"941. acorn squash,","acorn squash,",food,vegetable,,,,,,,,
"942. butternut squash,","butternut squash,",food,vegetable,,,,,,,,
"943. cucumber,","cucumber, cuke,",food,vegetable,,,,,,,,
"944. artichoke,","artichoke, globe artichoke,",food,vegetable,,,,,,,,
"945. bell pepper,","bell pepper,",food,vegetable,,,,,,,,
"946. cardoon,","cardoon,",food,vegetable,,,,,,,,
"947. mushroom,","mushroom,",food,vegetable,,,,,,,,
"987. corn,","corn,",food,vegetable,,,,,,,,
"611. jigsaw puzzle,","jigsaw puzzle,",item,toys and hobbies,,,,,,,,
"409. analog clock,","analog clock,",item,tool,,,,,,,,
"398. abacus,","abacus,",item,stationery,,,,,,,,
"418. ballpoint pen,","ballpoint, ballpoint pen, ballpen, Biro,",item,stationery,,,,,,,,
"446. ring binder,","binder, ring-binder,",item,stationery,,,,,,,,
"549. envelope,","envelope,",item,stationery,,,,,,,,
"553. filing cabinet,","file, file cabinet, filing cabinet,",item,stationery,,,,,,,,
"563. fountain pen,","fountain pen,",item,stationery,,,,,,,,
"583. guillotine,","guillotine,",item,stationery,,,,,,,,
"623. paper knife,","letter opener, paper knife, paperknife,",item,stationery,,,,,,,,
"696. paintbrush,","paintbrush,",item,stationery,,,,,,,,
"709. pencil case,","pencil box, pencil case,",item,stationery,,,,,,,,
"710. pencil sharpener,","pencil sharpener,",item,stationery,,,,,,,,
"749. quill,","quill, quill pen,",item,stationery,,,,,,,,
"767. eraser,","rubber eraser, rubber, pencil eraser,",item,stationery,,,,,,,,
"769. ruler,","rule, ruler,",item,stationery,,,,,,,,
"772. safety pin,","safety pin,",item,stationery,,,,,,,,
"921. dust jacket,","book jacket, dust cover, dust jacket, dust wrapper,",item,stationery,,,,,,,,
"327. starfish,","starfish, sea star,",animal,starfish and sea urchins,,,,,,,,
"328. sea urchin,","sea urchin,",animal,starfish and sea urchins,,,,,,,,
"329. sea cucumber,","sea cucumber, holothurian,",animal,starfish and sea urchins,,,,,,,,
"416. balance beam,","balance beam, beam,",item,sports,,,,,,,,
"422. barbell,","barbell,",item,sports,,,,,,,,
"429. baseball,","baseball,",item,sports,,,,,,,,
"430. basketball,","basketball,",item,sports,,,,,,,,
"543. dumbbell,","dumbbell,",item,sports,,,,,,,,
"574. golf ball,","golf ball,",item,sports,,,,,,,,
"736. billiard table,","pool table, billiard table, snooker table,",item,sports,,,,,,,,
"746. hockey puck,","puck, hockey puck,",item,sports,,,,,,,,
"747. punching bag,","punching bag, punch bag, punching ball, punchball,",item,sports,,,,,,,,
"751. race car,","racer, race car, racing car,",item,sports,,,,,,,,
"752. racket,","racket, racquet,",item,sports,,,,,,,,
"758. reel,","reel,",item,sports,,,,,,,,
"768. rugby ball,","rugby ball,",item,sports,,,,,,,,
"781. scoreboard,","scoreboard,",item,sports,,,,,,,,
"795. ski,","ski,",item,sports,,,,,,,,
"805. soccer ball,","soccer ball,",item,sports,,,,,,,,
"852. tennis ball,","tennis ball,",item,sports,,,,,,,,
"890. volleyball,","volleyball,",item,sports,,,,,,,,
"450. bobsleigh,","bobsled, bobsleigh, bob,",item,sports,,,,,,,,
"522. croquet ball,","croquet ball,",item,sports,,,,,,,,
"602. horizontal bar,","horizontal bar, high bar,",item,sports,,,,,,,,
"722. ping-pong ball,","ping-pong ball,",item,sports,,,,,,,,
"413. assault rifle,","assault rifle, assault gun,",item,sports,hunting,,,,,,,
"597. holster,","holster,",item,sports,hunting,,,,,,,
"763. revolver,","revolver, six-gun, six-shooter,",item,sports,hunting,,,,,,,
"764. rifle,","rifle,",item,sports,hunting,,,,,,,
"902. whistle,","whistle,",item,sports,,,,,,,,
"038. banded gecko,","banded gecko,",animal,reptile,,,,,,,,
"039. green iguana,","common iguana, iguana, Iguana iguana,",animal,reptile,,,,,,,,
"040. Carolina anole,","American chameleon, anole, Anolis carolinensis,",animal,reptile,,,,,,,,
"041. desert grassland whiptail lizard,","whiptail, whiptail lizard,",animal,reptile,,,,,,,,
"042. agama,","agama,",animal,reptile,,,,,,,,
"043. frilled-necked lizard,","frilled lizard, Chlamydosaurus kingi,",animal,reptile,,,,,,,,
"044. alligator lizard,","alligator lizard,",animal,reptile,,,,,,,,
"045. Gila monster,","Gila monster, Heloderma suspectum,",animal,reptile,,,,,,,,
"046. European green lizard,","green lizard, Lacerta viridis,",animal,reptile,,,,,,,,
"047. chameleon,","African chameleon, Chamaeleo chamaeleon,",animal,reptile,,,,,,,,
"048. Komodo dragon,","Komodo dragon, Komodo lizard, dragon lizard, giant lizard, Varanus komodoensis,",animal,reptile,,,,,,,,
"049. Nile crocodile,","African crocodile, Nile crocodile, Crocodylus niloticus,",animal,reptile,,,,,,,,
"050. American alligator,","American alligator, Alligator mississipiensis,",animal,reptile,,,,,,,,
"051. triceratops,","triceratops,",animal,reptile,,,,,,,,
"052. worm snake,","thunder snake, worm snake, Carphophis amoenus,",animal,reptile,,,,,,,,
"053. ring-necked snake,","ringneck snake, ring-necked snake, ring snake,",animal,reptile,,,,,,,,
"054. eastern hog-nosed snake,","hognose snake, puff adder, sand viper,",animal,reptile,,,,,,,,
"055. smooth green snake,","green snake, grass snake,",animal,reptile,,,,,,,,
"056. kingsnake,","king snake, kingsnake,",animal,reptile,,,,,,,,
"057. garter snake,","garter snake, grass snake,",animal,reptile,,,,,,,,
"058. water snake,","water snake,",animal,reptile,,,,,,,,
"059. vine snake,","vine snake,",animal,reptile,,,,,,,,
"060. night snake,","night snake, Hypsiglena torquata,",animal,reptile,,,,,,,,
"061. boa constrictor,","boa constrictor, Constrictor constrictor,",animal,reptile,,,,,,,,
"062. African rock python,","rock python, rock snake, Python sebae,",animal,reptile,,,,,,,,
"063. Indian cobra,","Indian cobra, Naja naja,",animal,reptile,,,,,,,,
"064. green mamba,","green mamba,",animal,reptile,,,,,,,,
"065. sea snake,","sea snake,",animal,reptile,,,,,,,,
"066. Saharan horned viper,","horned viper, cerastes, sand viper, horned asp, Cerastes cornutus,",animal,reptile,,,,,,,,
"067. eastern diamondback rattlesnake,","diamondback, diamondback rattlesnake, Crotalus adamanteus,",animal,reptile,,,,,,,,
"068. sidewinder,","sidewinder, horned rattlesnake, Crotalus cerastes,",animal,reptile,,,,,,,,
"984. rapeseed,","rapeseed,",nature,plant,flower,,,,,,,
"985. daisy,","daisy,",nature,plant,flower,,,,,,,
"986. yellow lady's slipper,","yellow lady's slipper, yellow lady-slipper, Cypripedium calceolus, Cypripedium parviflorum,",nature,plant,flower,,,,,,,
"988. acorn,","acorn,",nature,plant,seeds,,,,,,,
"989. rose hip,","hip, rose hip, rosehip,",nature,plant,flower,,,,,,,
"990. horse chestnut seed,","buckeye, horse chestnut, conker,",nature,plant,seeds,,,,,,,
"991. coral fungus,","coral fungus,",nature,plant,fungi,,,,,,,
"992. agaric,","agaric,",nature,plant,fungi,,,,,,,
"993. gyromitra,","gyromitra,",nature,plant,fungi,,,,,,,
"994. stinkhorn mushroom,","stinkhorn, carrion fungus,",nature,plant,fungi,,,,,,,
"995. earth star,","earthstar,",nature,plant,fungi,,,,,,,
"996. hen-of-the-woods,","hen-of-the-woods, hen of the woods, Polyporus frondosus, Grifola frondosa,",nature,plant,fungi,,,,,,,
"997. bolete,","bolete,",nature,plant,fungi,,,,,,,
"998. ear,","ear, spike, capitulum,",nature,plant,fungi,,,,,,,
"930. baguette,","French loaf,",food,pastry,,,,,,,,
"931. bagel,","bagel, beigel,",food,pastry,,,,,,,,
"932. pretzel,","pretzel,",food,pastry,,,,,,,,
"961. dough,","dough,",food,pastry,,,,,,,,
"653. milk can,","milk can,",item,ornaments and collectibles,,,,,,,,
"496. Christmas stocking,","Christmas stocking,",item,ornaments and collectibles,,,,,,,,
"427. barrel,","barrel, cask,",item,ornaments and collectibles,,,,,,,,
"455. bottle cap,","bottlecap,",item,ornaments and collectibles,,,,,,,,
"470. candle,","candle, taper, wax light,",item,ornaments and collectibles,,,,,,,,
"519. crate,","crate,",item,ornaments and collectibles,,,,,,,,
"604. hourglass,","hourglass,",item,ornaments and collectibles,,,,,,,,
"607. jack-o'-lantern,","jack-o'-lantern,",item,ornaments and collectibles,,,,,,,,
"626. lighter,","lighter, light, igniter, ignitor,",item,ornaments and collectibles,,,,,,,,
"719. piggy bank,","piggy bank, penny bank,",item,ornaments and collectibles,,,,,,,,
"723. pinwheel,","pinwheel,",item,ornaments and collectibles,,,,,,,,
"756. rain barrel,","rain barrel,",item,ornaments and collectibles,,,,,,,,
"777. scabbard,","scabbard,",item,ornaments and collectibles,,,,,,,,
"787. shield,","shield, buckler,",item,ornaments and collectibles,,,,,,,,
"850. teddy bear,","teddy, teddy bear,",item,ornaments and collectibles,,,,,,,,
"815. spider web,","spider web, spider's web,",item,nature,,,,,,,,
"401. accordion,","accordion, piano accordion, squeeze box,",item,music,keyboard,,,,,,,
"402. acoustic guitar,","acoustic guitar,",item,music,string,,,,,,,
"420. banjo,","banjo,",item,music,string,,,,,,,
"432. bassoon,","bassoon,",item,music,woodwind,,,,,,,
"486. cello,","cello, violoncello,",item,music,string,,,,,,,
"494. chime,","chime, bell, gong,",item,music,percussion,,,,,,,
"513. cornet,","cornet, horn, trumpet, trump,",item,music,brass,,,,,,,
"541. drum,","drum, membranophone, tympan,",item,music,percussion,,,,,,,
"542. drumstick,","drumstick,",item,music,percussion,,,,,,,
"546. electric guitar,","electric guitar,",item,music,string,,,,,,,
"558. flute,","flute, transverse flute,",item,music,flute,,,,,,,
"566. French horn,","French horn, horn,",item,music,brass,,,,,,,
"577. gong,","gong, tam-tam,",item,music,percussion,,,,,,,
"579. grand piano,","grand piano, grand,",item,music,keyboard,,,,,,,
"593. harmonica,","harmonica, mouth organ, harp, mouth harp,",item,music,woodwind,,,,,,,
"594. harp,","harp,",item,music,string,,,,,,,
"641. maraca,","maraca,",item,music,percussion,,,,,,,
"642. marimba,","marimba, xylophone,",item,music,percussion,,,,,,,
"650. microphone,","microphone, mike,",item,music,,,,,,,,
"684. ocarina,","ocarina, sweet potato,",item,music,woodwind,,,,,,,
"687. organ,","organ, pipe organ,",item,music,keyboard,,,,,,,
"699. pan flute,","panpipe, pandean pipe, syrinx,",item,music,woodwind,,,,,,,
"714. plectrum,","pick, plectrum, plectron,",item,music,string,,,,,,,
"776. saxophone,","sax, saxophone,",item,music,woodwind,,,,,,,
"822. steel drum,","steel drum,",item,music,percussion,,,,,,,
"875. trombone,","trombone,",item,music,brass,,,,,,,
"881. upright piano,","upright, upright piano,",item,music,keyboard,,,,,,,
"889. violin,","violin, fiddle,",item,music,string,,,,,,,
"683. oboe,","oboe, hautboy, hautbois,",item,music,woodwind,,,,,,,
"112. conch,","conch,",animal,mollusc,,,,,,,,
"113. snail,","snail,",animal,mollusc,,,,,,,,
"114. slug,","slug,",animal,mollusc,,,,,,,,
"115. sea slug,","sea slug, nudibranch,",animal,mollusc,,,,,,,,
"116. chiton,","chiton, coat-of-mail shell, sea cradle, polyplacophore,",animal,mollusc,,,,,,,,
"117. chambered nautilus,","chambered nautilus, pearly nautilus, nautilus,",animal,mollusc,,,,,,,,
"913. shipwreck,","wreck,",item,misc,,,,,,,,
"916. website,","web site, website, internet site, site,",item,misc,,,,,,,,
"917. comic book,","comic book,",item,misc,,,,,,,,
"918. crossword,","crossword puzzle, crossword,",item,misc,,,,,,,,
"922. menu,","menu,",item,misc,,,,,,,,
"478. carton,","carton,",item,misc,,,,,,,,
"506. coil,","coil, spiral, volute, whorl, helix,",item,misc,,,,,,,,
"616. knot,","knot,",item,misc,,,,,,,,
"692. packet,","packet,",item,misc,,,,,,,,
"800. slot machine,","slot, one-armed bandit,",item,misc,,,,,,,,
"885. velvet,","velvet,",item,material,,,,,,,,
"911. wool,","wool, woolen, woollen,",item,material,,,,,,,,
"101. tusker,","tusker,",animal,mammal,,,,,,,,
"102. echidna,","echidna, spiny anteater, anteater,",animal,mammal,,,,,,,,
"103. platypus,","platypus, duckbill, duckbilled platypus, duck-billed platypus, Ornithorhynchus anatinus,",animal,mammal,,,,,,,,
"104. wallaby,","wallaby, brush kangaroo,",animal,mammal,,,,,,,,
"105. koala,","koala, koala bear, kangaroo bear, native bear, Phascolarctos cinereus,",animal,mammal,,,,,,,,
"106. wombat,","wombat,",animal,mammal,,,,,,,,
"147. grey whale,","grey whale, gray whale, devilfish, Eschrichtius gibbosus, Eschrichtius robustus,",animal,mammal,marine,,,,,,,
"148. killer whale,","killer whale, killer, orca, grampus, sea wolf, Orcinus orca,",animal,mammal,,,,,,,,
"149. dugong,","dugong, Dugong dugon,",animal,mammal,,,,,,,,
"150. sea lion,","sea lion,",animal,mammal,,,,,,,,
"151. Chihuahua,","Chihuahua,",animal,mammal,,,,,,,,
"152. Japanese Chin,","Japanese spaniel,",animal,mammal,,,,,,,,
"153. Maltese,","Maltese dog, Maltese terrier, Maltese,",animal,mammal,,,,,,,,
"154. Pekingese,","Pekinese, Pekingese, Peke,",animal,mammal,,,,,,,,
"155. Shih Tzu,","Shih-Tzu,",animal,mammal,,,,,,,,
"156. King Charles Spaniel,","Blenheim spaniel,",animal,mammal,,,,,,,,
"157. Papillon,","papillon,",animal,mammal,,,,,,,,
"158. toy terrier,","toy terrier,",animal,mammal,,,,,,,,
"159. Rhodesian Ridgeback,","Rhodesian ridgeback,",animal,mammal,,,,,,,,
"160. Afghan Hound,","Afghan hound, Afghan,",animal,mammal,,,,,,,,
"161. Basset Hound,","basset, basset hound,",animal,mammal,,,,,,,,
"162. Beagle,","beagle,",animal,mammal,,,,,,,,
"163. Bloodhound,","bloodhound, sleuthhound,",animal,mammal,,,,,,,,
"164. Bluetick Coonhound,","bluetick,",animal,mammal,,,,,,,,
"165. Black and Tan Coonhound,","black-and-tan coonhound,",animal,mammal,,,,,,,,
"166. Treeing Walker Coonhound,","Walker hound, Walker foxhound,",animal,mammal,,,,,,,,
"167. English foxhound,","English foxhound,",animal,mammal,,,,,,,,
"168. Redbone Coonhound,","redbone,",animal,mammal,,,,,,,,
"169. borzoi,","borzoi, Russian wolfhound,",animal,mammal,,,,,,,,
"170. Irish Wolfhound,","Irish wolfhound,",animal,mammal,,,,,,,,
"171. Italian Greyhound,","Italian greyhound,",animal,mammal,,,,,,,,
"172. Whippet,","whippet,",animal,mammal,,,,,,,,
"173. Ibizan Hound,","Ibizan hound, Ibizan Podenco,",animal,mammal,,,,,,,,
"174. Norwegian Elkhound,","Norwegian elkhound, elkhound,",animal,mammal,,,,,,,,
"175. Otterhound,","otterhound, otter hound,",animal,mammal,,,,,,,,
"176. Saluki,","Saluki, gazelle hound,",animal,mammal,,,,,,,,
"177. Scottish Deerhound,","Scottish deerhound, deerhound,",animal,mammal,,,,,,,,
"178. Weimaraner,","Weimaraner,",animal,mammal,,,,,,,,
"179. Staffordshire Bull Terrier,","Staffordshire bullterrier, Staffordshire bull terrier,",animal,mammal,,,,,,,,
"180. American Staffordshire Terrier,","American Staffordshire terrier, Staffordshire terrier, American pit bull terrier, pit bull terrier,",animal,mammal,,,,,,,,
"181. Bedlington Terrier,","Bedlington terrier,",animal,mammal,,,,,,,,
"182. Border Terrier,","Border terrier,",animal,mammal,,,,,,,,
"183. Kerry Blue Terrier,","Kerry blue terrier,",animal,mammal,,,,,,,,
"184. Irish Terrier,","Irish terrier,",animal,mammal,,,,,,,,
"185. Norfolk Terrier,","Norfolk terrier,",animal,mammal,,,,,,,,
"186. Norwich Terrier,","Norwich terrier,",animal,mammal,,,,,,,,
"187. Yorkshire Terrier,","Yorkshire terrier,",animal,mammal,,,,,,,,
"188. Wire Fox Terrier,","wire-haired fox terrier,",animal,mammal,,,,,,,,
"189. Lakeland Terrier,","Lakeland terrier,",animal,mammal,,,,,,,,
"190. Sealyham Terrier,","Sealyham terrier, Sealyham,",animal,mammal,,,,,,,,
"191. Airedale Terrier,","Airedale, Airedale terrier,",animal,mammal,,,,,,,,
"192. Cairn Terrier,","cairn, cairn terrier,",animal,mammal,,,,,,,,
"193. Australian Terrier,","Australian terrier,",animal,mammal,,,,,,,,
"194. Dandie Dinmont Terrier,","Dandie Dinmont, Dandie Dinmont terrier,",animal,mammal,,,,,,,,
"195. Boston Terrier,","Boston bull, Boston terrier,",animal,mammal,,,,,,,,
"196. Miniature Schnauzer,","miniature schnauzer,",animal,mammal,,,,,,,,
"197. Giant Schnauzer,","giant schnauzer,",animal,mammal,,,,,,,,
"198. Standard Schnauzer,","standard schnauzer,",animal,mammal,,,,,,,,
"199. Scottish Terrier,","Scotch terrier, Scottish terrier, Scottie,",animal,mammal,,,,,,,,
"200. Tibetan Terrier,","Tibetan terrier, chrysanthemum dog,",animal,mammal,,,,,,,,
"201. Australian Silky Terrier,","silky terrier, Sydney silky,",animal,mammal,,,,,,,,
"202. Soft-coated Wheaten Terrier,","soft-coated wheaten terrier,",animal,mammal,,,,,,,,
"203. West Highland White Terrier,","West Highland white terrier,",animal,mammal,,,,,,,,
"204. Lhasa Apso,","Lhasa, Lhasa apso,",animal,mammal,,,,,,,,
"205. Flat-Coated Retriever,","flat-coated retriever,",animal,mammal,,,,,,,,
"206. Curly-coated Retriever,","curly-coated retriever,",animal,mammal,,,,,,,,
"207. Golden Retriever,","golden retriever,",animal,mammal,,,,,,,,
"208. Labrador Retriever,","Labrador retriever,",animal,mammal,,,,,,,,
"209. Chesapeake Bay Retriever,","Chesapeake Bay retriever,",animal,mammal,,,,,,,,
"210. German Shorthaired Pointer,","German short-haired pointer,",animal,mammal,,,,,,,,
"211. Vizsla,","vizsla, Hungarian pointer,",animal,mammal,,,,,,,,
"212. English Setter,","English setter,",animal,mammal,,,,,,,,
"213. Irish Setter,","Irish setter, red setter,",animal,mammal,,,,,,,,
"214. Gordon Setter,","Gordon setter,",animal,mammal,,,,,,,,
"215. Brittany,","Brittany spaniel,",animal,mammal,,,,,,,,
"216. Clumber Spaniel,","clumber, clumber spaniel,",animal,mammal,,,,,,,,
"217. English Springer Spaniel,","English springer, English springer spaniel,",animal,mammal,,,,,,,,
"218. Welsh Springer Spaniel,","Welsh springer spaniel,",animal,mammal,,,,,,,,
"219. Cocker Spaniels,","cocker spaniel, English cocker spaniel, cocker,",animal,mammal,,,,,,,,
"220. Sussex Spaniel,","Sussex spaniel,",animal,mammal,,,,,,,,
"221. Irish Water Spaniel,","Irish water spaniel,",animal,mammal,,,,,,,,
"222. Kuvasz,","kuvasz,",animal,mammal,,,,,,,,
"223. Schipperke,","schipperke,",animal,mammal,,,,,,,,
"224. Groenendael,","groenendael,",animal,mammal,,,,,,,,
"225. Malinois,","malinois,",animal,mammal,,,,,,,,
"226. Briard,","briard,",animal,mammal,,,,,,,,
"227. Australian Kelpie,","kelpie,",animal,mammal,,,,,,,,
"228. Komondor,","komondor,",animal,mammal,,,,,,,,
"229. Old English Sheepdog,","Old English sheepdog, bobtail,",animal,mammal,,,,,,,,
"230. Shetland Sheepdog,","Shetland sheepdog, Shetland sheep dog, Shetland,",animal,mammal,,,,,,,,
"231. collie,","collie,",animal,mammal,,,,,,,,
"232. Border Collie,","Border collie,",animal,mammal,,,,,,,,
"233. Bouvier des Flandres,","Bouvier des Flandres, Bouviers des Flandres,",animal,mammal,,,,,,,,
"234. Rottweiler,","Rottweiler,",animal,mammal,,,,,,,,
"235. German Shepherd Dog,","German shepherd, German shepherd dog, German police dog, alsatian,",animal,mammal,,,,,,,,
"236. Dobermann,","Doberman, Doberman pinscher,",animal,mammal,,,,,,,,
"237. Miniature Pinscher,","miniature pinscher,",animal,mammal,,,,,,,,
"238. Greater Swiss Mountain Dog,","Greater Swiss Mountain dog,",animal,mammal,,,,,,,,
"239. Bernese Mountain Dog,","Bernese mountain dog,",animal,mammal,,,,,,,,
"240. Appenzeller Sennenhund,","Appenzeller,",animal,mammal,,,,,,,,
"241. Entlebucher Sennenhund,","EntleBucher,",animal,mammal,,,,,,,,
"242. Boxer,","boxer,",animal,mammal,,,,,,,,
"243. Bullmastiff,","bull mastiff,",animal,mammal,,,,,,,,
"244. Tibetan Mastiff,","Tibetan mastiff,",animal,mammal,,,,,,,,
"245. French Bulldog,","French bulldog,",animal,mammal,,,,,,,,
"246. Great Dane,","Great Dane,",animal,mammal,,,,,,,,
"247. St. Bernard,","Saint Bernard, St Bernard,",animal,mammal,,,,,,,,
"248. husky,","Eskimo dog, husky,",animal,mammal,,,,,,,,
"249. Alaskan Malamute,","malamute, malemute, Alaskan malamute,",animal,mammal,,,,,,,,
"250. Siberian Husky,","Siberian husky,",animal,mammal,,,,,,,,
"251. Dalmatian,","dalmatian, coach dog, carriage dog,",animal,mammal,,,,,,,,
"252. Affenpinscher,","affenpinscher, monkey pinscher, monkey dog,",animal,mammal,,,,,,,,
"253. Basenji,","basenji,",animal,mammal,,,,,,,,
"254. pug,","pug, pug-dog,",animal,mammal,,,,,,,,
"255. Leonberger,","Leonberg,",animal,mammal,,,,,,,,
"256. Newfoundland,","Newfoundland, Newfoundland dog,",animal,mammal,,,,,,,,
"257. Pyrenean Mountain Dog,","Great Pyrenees,",animal,mammal,,,,,,,,
"258. Samoyed,","Samoyed, Samoyede,",animal,mammal,,,,,,,,
"259. Pomeranian,","Pomeranian,",animal,mammal,,,,,,,,
"260. Chow Chow,","chow, chow chow,",animal,mammal,,,,,,,,
"261. Keeshond,","keeshond,",animal,mammal,,,,,,,,
"262. Griffon Bruxellois,","Brabancon griffon,",animal,mammal,,,,,,,,
"263. Pembroke Welsh Corgi,","Pembroke, Pembroke Welsh corgi,",animal,mammal,,,,,,,,
"264. Cardigan Welsh Corgi,","Cardigan, Cardigan Welsh corgi,",animal,mammal,,,,,,,,
"265. Toy Poodle,","toy poodle,",animal,mammal,,,,,,,,
"266. Miniature Poodle,","miniature poodle,",animal,mammal,,,,,,,,
"267. Standard Poodle,","standard poodle,",animal,mammal,,,,,,,,
"268. Mexican hairless dog,","Mexican hairless,",animal,mammal,,,,,,,,
"269. grey wolf,","timber wolf, grey wolf, gray wolf, Canis lupus,",animal,mammal,,,,,,,,
"270. Alaskan tundra wolf,","white wolf, Arctic wolf, Canis lupus tundrarum,",animal,mammal,,,,,,,,
"271. red wolf,","red wolf, maned wolf, Canis rufus, Canis niger,",animal,mammal,,,,,,,,
"272. coyote,","coyote, prairie wolf, brush wolf, Canis latrans,",animal,mammal,,,,,,,,
"273. dingo,","dingo, warrigal, warragal, Canis dingo,",animal,mammal,,,,,,,,
"274. dhole,","dhole, Cuon alpinus,",animal,mammal,,,,,,,,
"275. African wild dog,","African hunting dog, hyena dog, Cape hunting dog, Lycaon pictus,",animal,mammal,,,,,,,,
"276. hyena,","hyena, hyaena,",animal,mammal,,,,,,,,
"277. red fox,","red fox, Vulpes vulpes,",animal,mammal,,,,,,,,
"278. kit fox,","kit fox, Vulpes macrotis,",animal,mammal,,,,,,,,
"279. Arctic fox,","Arctic fox, white fox, Alopex lagopus,",animal,mammal,,,,,,,,
"280. grey fox,","grey fox, gray fox, Urocyon cinereoargenteus,",animal,mammal,,,,,,,,
"281. tabby cat,","tabby, tabby cat,",animal,mammal,,,,,,,,
"282. tiger cat,","tiger cat,",animal,mammal,,,,,,,,
"283. Persian cat,","Persian cat,",animal,mammal,,,,,,,,
"284. Siamese cat,","Siamese cat, Siamese,",animal,mammal,,,,,,,,
"285. Egyptian Mau,","Egyptian cat,",animal,mammal,,,,,,,,
"286. cougar,","cougar, puma, catamount, mountain lion, painter, panther, Felis concolor,",animal,mammal,,,,,,,,
"287. lynx,","lynx, catamount,",animal,mammal,,,,,,,,
"288. leopard,","leopard, Panthera pardus,",animal,mammal,,,,,,,,
"289. snow leopard,","snow leopard, ounce, Panthera uncia,",animal,mammal,,,,,,,,
"290. jaguar,","jaguar, panther, Panthera onca, Felis onca,",animal,mammal,,,,,,,,
"291. lion,","lion, king of beasts, Panthera leo,",animal,mammal,,,,,,,,
"292. tiger,","tiger, Panthera tigris,",animal,mammal,,,,,,,,
"293. cheetah,","cheetah, chetah, Acinonyx jubatus,",animal,mammal,,,,,,,,
"294. brown bear,","brown bear, bruin, Ursus arctos,",animal,mammal,,,,,,,,
"295. American black bear,","American black bear, black bear, Ursus americanus, Euarctos americanus,",animal,mammal,,,,,,,,
"296. polar bear,","ice bear, polar bear, Ursus Maritimus, Thalarctos maritimus,",animal,mammal,,,,,,,,
"297. sloth bear,","sloth bear, Melursus ursinus, Ursus ursinus,",animal,mammal,,,,,,,,
"298. mongoose,","mongoose,",animal,mammal,,,,,,,,
"299. meerkat,","meerkat, mierkat,",animal,mammal,,,,,,,,
"330. cottontail rabbit,","wood rabbit, cottontail, cottontail rabbit,",animal,mammal,,,,,,,,
"331. hare,","hare,",animal,mammal,,,,,,,,
"332. Angora rabbit,","Angora, Angora rabbit,",animal,mammal,,,,,,,,
"333. hamster,","hamster,",animal,mammal,,,,,,,,
"334. porcupine,","porcupine, hedgehog,",animal,mammal,,,,,,,,
"335. fox squirrel,","fox squirrel, eastern fox squirrel, Sciurus niger,",animal,mammal,,,,,,,,
"336. marmot,","marmot,",animal,mammal,,,,,,,,
"337. beaver,","beaver,",animal,mammal,,,,,,,,
"338. guinea pig,","guinea pig, Cavia cobaya,",animal,mammal,,,,,,,,
"339. common sorrel,","sorrel,",animal,mammal,,,,,,,,
"340. zebra,","zebra,",animal,mammal,,,,,,,,
"341. pig,","hog, pig, grunter, squealer, Sus scrofa,",animal,mammal,,,,,,,,
"342. wild boar,","wild boar, boar, Sus scrofa,",animal,mammal,,,,,,,,
"343. warthog,","warthog,",animal,mammal,,,,,,,,
"344. hippopotamus,","hippopotamus, hippo, river horse, Hippopotamus amphibius,",animal,mammal,,,,,,,,
"345. ox,","ox,",animal,mammal,,,,,,,,
"346. water buffalo,","water buffalo, water ox, Asiatic buffalo, Bubalus bubalis,",animal,mammal,,,,,,,,
"347. bison,","bison,",animal,mammal,,,,,,,,
"348. ram,","ram, tup,",animal,mammal,,,,,,,,
"349. bighorn sheep,","bighorn, bighorn sheep, cimarron, Rocky Mountain bighorn, Rocky Mountain sheep, Ovis canadensis,",animal,mammal,,,,,,,,
"350. Alpine ibex,","ibex, Capra ibex,",animal,mammal,,,,,,,,
"351. hartebeest,","hartebeest,",animal,mammal,,,,,,,,
"352. impala,","impala, Aepyceros melampus,",animal,mammal,,,,,,,,
"353. gazelle,","gazelle,",animal,mammal,,,,,,,,
"354. dromedary,","Arabian camel, dromedary, Camelus dromedarius,",animal,mammal,,,,,,,,
"355. llama,","llama,",animal,mammal,,,,,,,,
"356. weasel,","weasel,",animal,mammal,,,,,,,,
"357. mink,","mink,",animal,mammal,,,,,,,,
"358. European polecat,","polecat, fitch, foulmart, foumart, Mustela putorius,",animal,mammal,,,,,,,,
"359. black-footed ferret,","black-footed ferret, ferret, Mustela nigripes,",animal,mammal,,,,,,,,
"360. otter,","otter,",animal,mammal,,,,,,,,
"361. skunk,","skunk, polecat, wood pussy,",animal,mammal,,,,,,,,
"362. badger,","badger,",animal,mammal,,,,,,,,
"363. armadillo,","armadillo,",animal,mammal,,,,,,,,
"364. three-toed sloth,","three-toed sloth, ai, Bradypus tridactylus,",animal,mammal,,,,,,,,
"365. orangutan,","orangutan, orang, orangutang, Pongo pygmaeus,",animal,mammal,,,,,,,,
"366. gorilla,","gorilla, Gorilla gorilla,",animal,mammal,,,,,,,,
"367. chimpanzee,","chimpanzee, chimp, Pan troglodytes,",animal,mammal,,,,,,,,
"368. gibbon,","gibbon, Hylobates lar,",animal,mammal,,,,,,,,
"369. siamang,","siamang, Hylobates syndactylus, Symphalangus syndactylus,",animal,mammal,,,,,,,,
"370. guenon,","guenon, guenon monkey,",animal,mammal,,,,,,,,
"371. patas monkey,","patas, hussar monkey, Erythrocebus patas,",animal,mammal,,,,,,,,
"372. baboon,","baboon,",animal,mammal,,,,,,,,
"373. macaque,","macaque,",animal,mammal,,,,,,,,
"374. langur,","langur,",animal,mammal,,,,,,,,
"375. black-and-white colobus,","colobus, colobus monkey,",animal,mammal,,,,,,,,
"376. proboscis monkey,","proboscis monkey, Nasalis larvatus,",animal,mammal,,,,,,,,
"377. marmoset,","marmoset,",animal,mammal,,,,,,,,
"378. white-headed capuchin,","capuchin, ringtail, Cebus capucinus,",animal,mammal,,,,,,,,
"379. howler monkey,","howler monkey, howler,",animal,mammal,,,,,,,,
"380. titi,","titi, titi monkey,",animal,mammal,,,,,,,,
"381. Geoffroy's spider monkey,","spider monkey, Ateles geoffroyi,",animal,mammal,,,,,,,,
"382. common squirrel monkey,","squirrel monkey, Saimiri sciureus,",animal,mammal,,,,,,,,
"383. ring-tailed lemur,","Madagascar cat, ring-tailed lemur, Lemur catta,",animal,mammal,,,,,,,,
"384. indri,","indri, indris, Indri indri, Indri brevicaudatus,",animal,mammal,,,,,,,,
"385. Asian elephant,","Indian elephant, Elephas maximus,",animal,mammal,,,,,,,,
"386. African bush elephant,","African elephant, Loxodonta africana,",animal,mammal,,,,,,,,
"387. red panda,","lesser panda, red panda, panda, bear cat, cat bear, Ailurus fulgens,",animal,mammal,,,,,,,,
"388. giant panda,","giant panda, panda, panda bear, coon bear, Ailuropoda melanoleuca,",animal,mammal,,,,,,,,
"473. can opener,","can opener, tin opener,",item,kitchen,utensil,,,,,,,
"503. cocktail shaker,","cocktail shaker,",item,kitchen,utensil,,,,,,,
"504. coffee mug,","coffee mug,",item,kitchen,tableware,,,,,,,
"505. coffeemaker,","coffeepot,",item,kitchen,appliance,,,,,,,
"512. corkscrew,","corkscrew, bottle screw,",item,kitchen,utensil,,,,,,,
"533. dishcloth,","dishrag, dishcloth,",item,kitchen,utensil,,,,,,,
"567. frying pan,","frying pan, frypan, skillet,",item,kitchen,cookware,,,,,,,
"572. goblet,","goblet,",item,kitchen,tableware,,,,,,,
"618. ladle,","ladle,",item,kitchen,utensil,,,,,,,
"647. measuring cup,","measuring cup,",item,kitchen,utensil,,,,,,,
"659. mixing bowl,","mixing bowl,",item,kitchen,cookware,,,,,,,
"700. paper towel,","paper towel,",item,kitchen,utensil,,,,,,,
"725. pitcher,","pitcher, ewer,",item,kitchen,tableware,,,,,,,
"729. plate rack,","plate rack,",item,kitchen,tableware,,,,,,,
"773. salt shaker,","saltshaker, salt shaker,",item,kitchen,tableware,,,,,,,
"813. spatula,","spatula,",item,kitchen,utensil,,,,,,,
"828. strainer,","strainer,",item,kitchen,cookware,,,,,,,
"849. teapot,","teapot,",item,kitchen,tableware,,,,,,,
"868. tray,","tray,",item,kitchen,tableware,,,,,,,
"899. water jug,","water jug,",item,kitchen,tableware,,,,,,,
"901. whiskey jug,","whiskey jug,",item,kitchen,tableware,,,,,,,
"909. wok,","wok,",item,kitchen,cookware,,,,,,,
"910. wooden spoon,","wooden spoon,",item,kitchen,utensil,,,,,,,
"923. plate,","plate,",item,kitchen,tableware,,,,,,,
"968. cup,","cup,",item,kitchen,tableware,,,,,,,
"440. beer bottle,","beer bottle,",item,kitchen,tableware,,,,,,,
"441. beer glass,","beer glass,",item,kitchen,tableware,,,,,,,
"469. cauldron,","caldron, cauldron,",item,kitchen,cookware,,,,,,,
"499. cleaver,","cleaver, meat cleaver, chopper,",item,kitchen,,,,,,,,
"666. mortar,","mortar,",item,kitchen,cookware,,,,,,,
"737. soda bottle,","pop bottle, soda bottle,",item,kitchen,tableware,,,,,,,
"907. wine bottle,","wine bottle,",item,kitchen,,,,,,,,
"107. jellyfish,","jellyfish,",animal,invertebrate,,,,,,,,
"108. sea anemone,","sea anemone, anemone,",animal,invertebrate,,,,,,,,
"109. brain coral,","brain coral,",animal,invertebrate,,,,,,,,
"110. flatworm,","flatworm, platyhelminth,",animal,invertebrate,,,,,,,,
"111. nematode,","nematode, nematode worm, roundworm,",animal,invertebrate,,,,,,,,
"300. tiger beetle,","tiger beetle,",animal,insect,,,,,,,,
"301. ladybug,","ladybug, ladybeetle, lady beetle, ladybird, ladybird beetle,",animal,insect,,,,,,,,
"302. ground beetle,","ground beetle, carabid beetle,",animal,insect,,,,,,,,
"303. longhorn beetle,","long-horned beetle, longicorn, longicorn beetle,",animal,insect,,,,,,,,
"304. leaf beetle,","leaf beetle, chrysomelid,",animal,insect,,,,,,,,
"305. dung beetle,","dung beetle,",animal,insect,,,,,,,,
"306. rhinoceros beetle,","rhinoceros beetle,",animal,insect,,,,,,,,
"307. weevil,","weevil,",animal,insect,,,,,,,,
"308. fly,","fly,",animal,insect,,,,,,,,
"309. bee,","bee,",animal,insect,,,,,,,,
"310. ant,","ant, emmet, pismire,",animal,insect,,,,,,,,
"311. grasshopper,","grasshopper, hopper,",animal,insect,,,,,,,,
"312. cricket,","cricket,",animal,insect,,,,,,,,
"313. stick insect,","walking stick, walkingstick, stick insect,",animal,insect,,,,,,,,
"314. cockroach,","cockroach, roach,",animal,insect,,,,,,,,
"315. mantis,","mantis, mantid,",animal,insect,,,,,,,,
"316. cicada,","cicada, cicala,",animal,insect,,,,,,,,
"317. leafhopper,","leafhopper,",animal,insect,,,,,,,,
"318. lacewing,","lacewing, lacewing fly,",animal,insect,,,,,,,,
"319. dragonfly,","dragonfly, darning needle, devil's darning needle, sewing needle, snake feeder, snake doctor, mosquito hawk, skeeter hawk,",animal,insect,,,,,,,,
"320. damselfly,","damselfly,",animal,insect,,,,,,,,
"321. red admiral,","admiral,",animal,insect,,,,,,,,
"322. ringlet,","ringlet, ringlet butterfly,",animal,insect,,,,,,,,
"323. monarch butterfly,","monarch, monarch butterfly, milkweed butterfly, Danaus plexippus,",animal,insect,,,,,,,,
"324. small white,","cabbage butterfly,",animal,insect,,,,,,,,
"325. sulphur butterfly,","sulphur butterfly, sulfur butterfly,",animal,insect,,,,,,,,
"326. gossamer-winged butterfly,","lycaenid, lycaenid butterfly,",animal,insect,,,,,,,,
"412. waste container,","ashcan, trash can, garbage can, wastebin, ash bin, ash-bin, ashbin, dustbin, trash barrel, trash bin,",item,home and garden,,,,,,,,
"428. wheelbarrow,","barrow, garden cart, lawn cart, wheelbarrow,",item,home and garden,garden,,,,,,,
"434. bath towel,","bath towel,",item,home and garden,bathroom,,,,,,,
"435. bathtub,","bathtub, bathing tub, bath, tub,",item,home and garden,bathroom,,,,,,,
"462. broom,","broom,",item,home and garden,,,,,,,,
"463. bucket,","bucket, pail,",item,home and garden,,,,,,,,
"477. tool kit,","carpenter's kit, tool kit,",item,home and garden,,,,,,,,
"491. chainsaw,","chain saw, chainsaw,",item,home and garden,,,,,,,,
"507. combination lock,","combination lock,",item,home and garden,,,,,,,,
"539. doormat,","doormat, welcome mat,",item,home and garden,,,,,,,,
"545. electric fan,","electric fan, blower,",item,home and garden,,,,,,,,
"556. fire screen sheet,","fire screen, fireguard,",item,home and garden,,,,,,,,
"587. hammer,","hammer,",item,home and garden,,,,,,,,
"588. hamper,","hamper,",item,home and garden,,,,,,,,
"589. hair dryer,","hand blower, blow dryer, blow drier, hair dryer, hair drier,",item,home and garden,,,,,,,,
"596. hatchet,","hatchet,",item,home and garden,,,,,,,,
"600. hook,","hook, claw,",item,home and garden,,,,,,,,
"619. lampshade,","lampshade, lamp shade,",item,home and garden,,,,,,,,
"621. lawn mower,","lawn mower, mower,",item,home and garden,,,,,,,,
"648. medicine chest,","medicine chest, medicine cabinet,",item,home and garden,,,,,,,,
"669. mosquito net,","mosquito net,",item,home and garden,,,,,,,,
"721. pillow,","pillow,",item,home and garden,,,,,,,,
"738. pot,","pot, flowerpot,",item,home and garden,,,,,,,,
"741. prayer rug,","prayer rug, prayer mat,",item,home and garden,,,,,,,,
"750. quilt,","quilt, comforter, comfort, puff,",item,home and garden,,,,,,,,
"771. safe,","safe,",item,home and garden,,,,,,,,
"794. shower curtain,","shower curtain,",item,home and garden,,,,,,,,
"804. soap dispenser,","soap dispenser,",item,home and garden,,,,,,,,
"876. tub,","tub, vat,",item,home and garden,,,,,,,,
"883. vase,","vase,",item,home and garden,,,,,,,,
"892. wall clock,","wall clock,",item,home and garden,,,,,,,,
"999. toilet paper,","toilet tissue, toilet paper, bathroom tissue",item,home and garden,bathroom,,,,,,,
"711. perfume,","perfume, essence,",item,health and beauty,,,,,,,,
"419. Band-Aid,","Band Aid,",item,health and beauty,,,,,,,,
"551. face powder,","face powder,",item,health and beauty,,,,,,,,
"584. barrette,","hair slide,",item,health and beauty,,,,,,,,
"585. hair spray,","hair spray,",item,health and beauty,,,,,,,,
"629. lipstick,","lipstick, lip rouge,",item,health and beauty,,,,,,,,
"631. lotion,","lotion,",item,health and beauty,,,,,,,,
"680. nipple,","nipple,",item,health and beauty,,,,,,,,
"720. pill bottle,","pill bottle,",item,health and beauty,,,,,,,,
"793. shower cap,","shower cap,",item,health and beauty,,,,,,,,
"838. sunscreen,","sunscreen, sunblock, sun blocker,",item,health and beauty,,,,,,,,
"970. alp,","alp,",nature,geography,,,,,,,,
"972. cliff,","cliff, drop, drop-off,",nature,geography,,,,,,,,
"973. coral reef,","coral reef,",nature,geography,,,,,,,,
"974. geyser,","geyser,",nature,geography,,,,,,,,
"975. lakeshore,","lakeside, lakeshore,",nature,geography,,,,,,,,
"976. promontory,","promontory, headland, head, foreland,",nature,geography,,,,,,,,
"977. shoal,","sandbar, sand bar,",nature,geography,,,,,,,,
"978. seashore,","seashore, coast, seacoast, sea-coast,",nature,geography,,,,,,,,
"979. valley,","valley, vale,",nature,geography,,,,,,,,
"980. volcano,","volcano,",nature,geography,,,,,,,,
"423. barber chair,","barber chair,",item,furniture,,,,,,,,
"431. bassinet,","bassinet,",item,furniture,,,,,,,,
"492. chest,","chest,",item,furniture,,,,,,,,
"493. chiffonier,","chiffonier, commode,",item,furniture,,,,,,,,
"495. china cabinet,","china cabinet, china closet,",item,furniture,,,,,,,,
"516. cradle,","cradle,",item,furniture,,,,,,,,
"520. infant bed,","crib, cot,",item,furniture,,,,,,,,
"526. desk,","desk,",item,furniture,,,,,,,,
"532. dining table,","dining table, board,",item,furniture,,,,,,,,
"559. folding chair,","folding chair,",item,furniture,,,,,,,,
"765. rocking chair,","rocking chair, rocker,",item,furniture,,,,,,,,
"831. couch,","studio couch, day bed,",item,furniture,,,,,,,,
"846. table lamp,","table lamp,",item,furniture,,,,,,,,
"857. throne,","throne,",item,furniture,,,,,,,,
"861. toilet seat,","toilet seat,",item,furniture,,,,,,,,
"894. wardrobe,","wardrobe, closet, press,",item,furniture,,,,,,,,
"453. bookcase,","bookcase,",item,furniture,,,,,,,,
"564. four-poster bed,","four-poster,",item,furniture,,,,,,,,
"948. Granny Smith,","Granny Smith,",food,fruit,,,,,,,,
"949. strawberry,","strawberry,",food,fruit,,,,,,,,
"950. orange,","orange,",food,fruit,,,,,,,,
"951. lemon,","lemon,",food,fruit,,,,,,,,
"952. fig,","fig,",food,fruit,,,,,,,,
"953. pineapple,","pineapple, ananas,",food,fruit,,,,,,,,
"954. banana,","banana,",food,fruit,,,,,,,,
"955. jackfruit,","jackfruit, jak, jack,",food,fruit,,,,,,,,
"956. custard apple,","custard apple,",food,fruit,,,,,,,,
"957. pomegranate,","pomegranate,",food,fruit,,,,,,,,
"000. tench,","tench, Tinca tinca,",animal,fish,,,,,,,,
"001. goldfish,","goldfish, Carassius auratus,",animal,fish,,,,,,,,
"002. great white shark,","great white shark, white shark, man-eater, man-eating shark, Carcharodon carcharias,",animal,fish,,,,,,,,
"003. tiger shark,","tiger shark, Galeocerdo cuvieri,",animal,fish,,,,,,,,
"004. hammerhead shark,","hammerhead, hammerhead shark,",animal,fish,,,,,,,,
"005. electric ray,","electric ray, crampfish, numbfish, torpedo,",animal,fish,,,,,,,,
"006. stingray,","stingray,",animal,fish,,,,,,,,
"389. snoek,","barracouta, snoek,",animal,fish,,,,,,,,
"390. eel,","eel,",animal,fish,,,,,,,,
"391. coho salmon,","coho, cohoe, coho salmon, blue jack, silver salmon, Oncorhynchus kisutch,",animal,fish,,,,,,,,
"392. rock beauty,","rock beauty, Holocanthus tricolor,",animal,fish,,,,,,,,
"393. clownfish,","anemone fish,",animal,fish,,,,,,,,
"394. sturgeon,","sturgeon,",animal,fish,,,,,,,,
"395. garfish,","gar, garfish, garpike, billfish, Lepisosteus osseus,",animal,fish,,,,,,,,
"396. lionfish,","lionfish,",animal,fish,,,,,,,,
"397. pufferfish,","puffer, pufferfish, blowfish, globefish,",animal,fish,,,,,,,,
"702. parallel bars,","parallel bars, bars,",item,equipment,,,,,,,,
"438. beaker,","beaker,",item,equipment,,,,,,,,
"447. binoculars,","binoculars, field glasses, opera glasses,",item,equipment,,,,,,,,
"523. crutch,","crutch,",item,equipment,,,,,,,,
"633. loupe,","loupe, jeweler's loupe,",item,equipment,,,,,,,,
"635. magnetic compass,","magnetic compass,",item,equipment,,,,,,,,
"644. match,","matchstick,",item,equipment,,,,,,,,
"674. mousetrap,","mousetrap,",item,equipment,,,,,,,,
"676. muzzle,","muzzle,",item,equipment,,,,,,,,
"677. nail,","nail,",item,equipment,,,,,,,,
"688. oscilloscope,","oscilloscope, scope, cathode-ray oscilloscope, CRO,",item,equipment,,,,,,,,
"695. padlock,","padlock,",item,equipment,,,,,,,,
"712. Petri dish,","Petri dish,",item,equipment,,,,,,,,
"726. hand plane,","plane, carpenter's plane, woodworking plane,",item,equipment,,,,,,,,
"728. plastic bag,","plastic bag,",item,equipment,,,,,,,,
"731. plunger,","plunger, plumber's helper,",item,equipment,,,,,,,,
"739. potter's wheel,","potter's wheel,",item,equipment,,,,,,,,
"740. power drill,","power drill,",item,equipment,,,,,,,,
"783. screw,","screw,",item,equipment,,,,,,,,
"784. screwdriver,","screwdriver,",item,equipment,,,,,,,,
"790. shopping basket,","shopping basket,",item,equipment,,,,,,,,
"791. shopping cart,","shopping cart,",item,equipment,,,,,,,,
"792. shovel,","shovel,",item,equipment,,,,,,,,
"797. sleeping bag,","sleeping bag,",item,equipment,,,,,,,,
"798. slide rule,","slide rule, slipstick,",item,equipment,,,,,,,,
"816. spindle,","spindle,",item,equipment,,,,,,,,
"823. stethoscope,","stethoscope,",item,equipment,,,,,,,,
"826. stopwatch,","stopwatch, stop watch,",item,equipment,,,,,,,,
"830. stretcher,","stretcher,",item,equipment,,,,,,,,
"840. mop,","swab, swob, mop,",item,equipment,,,,,,,,
"845. syringe,","syringe,",item,equipment,,,,,,,,
"855. thimble,","thimble,",item,equipment,,,,,,,,
"862. torch,","torch,",item,equipment,,,,,,,,
"872. tripod,","tripod,",item,equipment,,,,,,,,
"878. typewriter keyboard,","typewriter keyboard,",item,equipment,,,,,,,,
"879. umbrella,","umbrella,",item,equipment,,,,,,,,
"898. water bottle,","water bottle,",item,equipment,,,,,,,,
"966. red wine,","red wine,",food,drink,,,,,,,,
"967. espresso,","espresso,",food,drink,,,,,,,,
"969. eggnog,","eggnog,",food,drink,,,,,,,,
"480. automated teller machine,","cash machine, cash dispenser, automated teller machine, automatic teller machine, automated teller, automatic teller, ATM,",item,device,electronics,,,,,,,
"481. cassette,","cassette,",item,device,electronics,,,,,,,
"482. cassette player,","cassette player,",item,device,electronics,,,,,,,
"485. CD player,","CD player,",item,device,electronics,,,,,,,
"487. mobile phone,","cellular telephone, cellular phone, cellphone, cell, mobile phone,",item,device,electronics,,,,,,,
"508. computer keyboard,","computer keyboard, keypad,",item,device,electronics,,,,,,,
"527. desktop computer,","desktop computer,",item,device,electronics,,,,,,,
"528. rotary dial telephone,","dial telephone, dial phone,",item,device,electronics,,,,,,,
"530. digital clock,","digital clock,",item,device,electronics,,,,,,,
"531. digital watch,","digital watch,",item,device,electronics,,,,,,,
"548. entertainment center,","entertainment center,",item,device,electronics,,,,,,,
"590. hand-held computer,","hand-held computer, hand-held microcomputer,",item,device,electronics,,,,,,,
"592. hard disk drive,","hard disc, hard disk, fixed disk,",item,device,electronics,,,,,,,
"605. iPod,","iPod,",item,device,electronics,,,,,,,
"613. joystick,","joystick,",item,device,electronics,,,,,,,
"620. laptop computer,","laptop, laptop computer,",item,device,electronics,,,,,,,
"622. lens cap,","lens cap, lens cover,",item,device,electronics,,,,,,,
"632. speaker,","loudspeaker, speaker, speaker unit, loudspeaker system, speaker system,",item,device,electronics,,,,,,,
"662. modem,","modem,",item,device,electronics,,,,,,,
"664. monitor,","monitor,",item,device,electronics,,,,,,,
"673. computer mouse,","mouse, computer mouse,",item,device,electronics,,,,,,,
"681. notebook computer,","notebook, notebook computer,",item,device,electronics,,,,,,,
"732. Polaroid camera,","Polaroid camera, Polaroid Land camera,",item,device,electronics,,,,,,,
"745. projector,","projector,",item,device,electronics,,,,,,,
"754. radio,","radio, wireless,",item,device,electronics,,,,,,,
"759. reflex camera,","reflex camera,",item,device,electronics,,,,,,,
"761. remote control,","remote control, remote,",item,device,electronics,,,,,,,
"782. CRT screen,","screen, CRT screen,",item,device,electronics,,,,,,,
"844. switch,","switch, electric switch, electrical switch,",item,device,electronics,,,,,,,
"848. tape player,","tape player,",item,device,electronics,,,,,,,
"810. space bar,","space bar,",item,device,electronics,,,,,,,
"927. trifle,","trifle,",food,dessert,,,,,,,,
"928. ice cream,","ice cream, icecream,",food,dessert,,,,,,,,
"929. ice pop,","ice lolly, lolly, lollipop, popsicle,",food,dessert,,,,,,,,
"960. chocolate syrup,","chocolate sauce, chocolate syrup,",food,dessert,,,,,,,,
"118. Dungeness crab,","Dungeness crab, Cancer magister,",animal,crustacean,,,,,,,,
"119. rock crab,","rock crab, Cancer irroratus,",animal,crustacean,,,,,,,,
"120. fiddler crab,","fiddler crab,",animal,crustacean,,,,,,,,
"121. red king crab,","king crab, Alaska crab, Alaskan king crab, Alaska king crab, Paralithodes camtschatica,",animal,crustacean,,,,,,,,
"122. American lobster,","American lobster, Northern lobster, Maine lobster, Homarus americanus,",animal,crustacean,,,,,,,,
"123. spiny lobster,","spiny lobster, langouste, rock lobster, crawfish, crayfish, sea crawfish,",animal,crustacean,,,,,,,,
"124. crayfish,","crayfish, crawfish, crawdad, crawdaddy,",animal,crustacean,,,,,,,,
"125. hermit crab,","hermit crab,",animal,crustacean,,,,,,,,
"126. isopod,","isopod,",animal,crustacean,,,,,,,,
"451. bolo tie,","bolo tie, bolo, bola tie, bola,",item,clothing and accessories,accessory,neckwear,,,,,,neckwear
"452. poke bonnet,","bonnet, poke bonnet,",item,clothing and accessories,accessory,headwear,,,,,,headwear
"568. fur coat,","fur coat,",item,clothing and accessories,religious and traditional,,,,,,,outerwear
"399. abaya,","abaya,",item,clothing and accessories,accessory,headwear,,,,,,outerwear
"400. academic gown,","academic gown, academic robe, judge's robe,",item,clothing and accessories,accessory,outerwear,,,,,,outerwear
"411. apron,","apron,",item,clothing and accessories,accessory,outerwear,,,,,,outerwear
"414. backpack,","backpack, back pack, knapsack, packsack, rucksack, haversack,",item,clothing and accessories,accessory,bag,,,,,,accessory
"433. swimming cap,","bathing cap, swimming cap,",item,clothing and accessories,sportswear,swimwear,,,,,,headwear
"439. military cap,","bearskin, busby, shako,",item,clothing and accessories,accessory,headwear,,,,,,headwear
"443. bib,","bib,",item,clothing and accessories,accessory,neckwear,,,,,,neckwear
"445. bikini,","bikini, two-piece,",item,clothing and accessories,sportswear,swimwear,,,,,,
"456. bow,","bow,",item,clothing and accessories,accessory,neckwear,,,,,,
"457. bow tie,","bow tie, bow-tie, bowtie,",item,clothing and accessories,accessory,neckwear,,,,,,
"459. bra,","brassiere, bra, bandeau,",item,clothing and accessories,underwear,,,,,,,
"461. breastplate,","breastplate, aegis, egis,",item,clothing and accessories,religious and traditional,,,,,,,outerwear
"464. buckle,","buckle,",item,clothing and accessories,accessory,belt,,,,,,
"465. bulletproof vest,","bulletproof vest,",item,clothing and accessories,outerwear,,,,,,,outerwear
"474. cardigan,","cardigan,",item,clothing and accessories,outerwear,sweater,,,,,,outerwear
"488. chain,","chain,",item,clothing and accessories,accessory,,,,,,,
"490. chain mail,","chain mail, ring mail, mail, chain armor, chain armour, ring armor, ring armour,",item,clothing and accessories,religious and traditional,,,,,,,outerwear
"501. cloak,","cloak,",item,clothing and accessories,outerwear,,,,,,,outerwear
"502. clogs,","clog, geta, patten, sabot,",item,clothing and accessories,footwear,,,,,,,footwear
"514. cowboy boot,","cowboy boot,",item,clothing and accessories,footwear,,,,,,,footwear
"515. cowboy hat,","cowboy hat, ten-gallon hat,",item,clothing and accessories,accessory,,,,,,,headwear
"518. crash helmet,","crash helmet,",item,clothing and accessories,sportswear,,,,,,,headwear
"524. cuirass,","cuirass,",item,clothing and accessories,religious and traditional,,,,,,,
"529. diaper,","diaper, nappy, napkin,",item,clothing and accessories,underwear,,,,,,,
"552. feather boa,","feather boa, boa,",item,clothing and accessories,accessory,neckwear,,,,,,
"560. football helmet,","football helmet,",item,clothing and accessories,sportswear,,,,,,,headwear
"570. gas mask,","gasmask, respirator, gas helmet,",item,clothing and accessories,accessory,headwear,,,,,,headwear
"578. gown,","gown,",item,clothing and accessories,dress,,,,,,,
"591. handkerchief,","handkerchief, hankie, hanky, hankey,",item,clothing and accessories,accessory,,,,,,,
"608. jeans,","jean, blue jean, denim,",item,clothing and accessories,pants,,,,,,,
"610. T-shirt,","jersey, T-shirt, tee shirt,",item,clothing and accessories,outerwear,sweater,,,,,,
"614. kimono,","kimono,",item,clothing and accessories,religious and traditional,,,,,,,
"615. knee pad,","knee pad,",item,clothing and accessories,sportswear,,,,,,,
"617. lab coat,","lab coat, laboratory coat,",item,clothing and accessories,outerwear,,,,,,,
"630. slip-on shoe,","Loafer,",item,clothing and accessories,footwear,,,,,,,footwear
"636. mail bag,","mailbag, postbag,",item,clothing and accessories,accessory,bag,,,,,,bag
"638. tights,","maillot,",item,clothing and accessories,underwear,,,,,,,
"639. tank suit,","maillot, tank suit,",item,clothing and accessories,sportswear,swimwear,,,,,,
"643. mask,","mask,",item,clothing and accessories,accessory,headwear,,,,,,headwear
"652. military uniform,","military uniform,",item,clothing and accessories,outfit,,,,,,,
"655. miniskirt,","miniskirt, mini,",item,clothing and accessories,skirt,,,,,,,
"658. mitten,","mitten,",item,clothing and accessories,accessory,,,,,,,
"667. square academic cap,","mortarboard,",item,clothing and accessories,uniform,,,,,,,headwear
"678. neck brace,","neck brace,",item,clothing and accessories,accessory,neckwear,,,,,,
"679. necklace,","necklace,",item,clothing and accessories,accessory,neckwear,,,,,,
"689. overskirt,","overskirt,",item,clothing and accessories,skirt,,,,,,,outerwear
"691. oxygen mask,","oxygen mask,",item,clothing and accessories,accessory,,,,,,,headwear
"697. pajamas,","pajama, pyjama, pj's, jammies,",item,clothing and accessories,outfit,,,,,,,
"715. Pickelhaube,","pickelhaube,",item,clothing and accessories,accessory,headwear,,,,,,
"735. poncho,","poncho,",item,clothing and accessories,outerwear,,,,,,,outerwear
"748. purse,","purse,",item,clothing and accessories,accessory,bag,,,,,,
"770. running shoe,","running shoe,",item,clothing and accessories,footwear,,,,,,,footwear
"774. sandal,","sandal,",item,clothing and accessories,footwear,,,,,,,footwear
"775. sarong,","sarong,",item,clothing and accessories,outerwear,,,,,,,
"796. ski mask,","ski mask,",item,clothing and accessories,sportswear,,,,,,,headwear
"801. snorkel,","snorkel,",item,clothing and accessories,sportswear,,,,,,,sportswear
"806. sock,","sock,",item,clothing and accessories,footwear,,,,,,,footwear
"808. sombrero,","sombrero,",item,clothing and accessories,accessory,headwear,,,,,,headwear
"824. scarf,","stole,",item,clothing and accessories,accessory,neckwear,,,,,,accessory
"834. suit,","suit, suit of clothes,",item,clothing and accessories,outfit,,,,,,,outerwear
"837. sunglasses,","sunglasses, dark glasses, shades,",item,clothing and accessories,accessory,,,,,,,accessory
"841. sweatshirt,","sweatshirt,",item,clothing and accessories,outerwear,sweater,,,,,,outerwear
"842. swimsuit,","swimming trunks, bathing trunks,",item,clothing and accessories,sportswear,swimwear,,,,,,swimwear
"869. trench coat,","trench coat,",item,clothing and accessories,outerwear,,,,,,,outerwear
"887. vestment,","vestment,",item,clothing and accessories,religious and traditional,,,,,,,other
"893. wallet,","wallet, billfold, notecase, pocketbook,",item,clothing and accessories,accessory,,,,,,,accessory
"906. Windsor tie,","Windsor tie,",item,clothing and accessories,accessory,neckwear,,,,,,neckwear
"601. hoop skirt,","hoopskirt, crinoline,",item,clothing and accessories,skirt,,,,,,,other
"836. sunglass,","sunglass,",item,clothing and accessories,accessory,,,,,,,
"903. wig,","wig,",item,clothing and accessories,accessory,headwear,,,,,,
"007. cock,","cock,",animal,bird,,,,,,,,
"008. hen,","hen,",animal,bird,,,,,,,,
"009. ostrich,","ostrich, Struthio camelus,",animal,bird,,,,,,,,
"010. brambling,","brambling, Fringilla montifringilla,",animal,bird,,,,,,,,
"011. goldfinch,","goldfinch, Carduelis carduelis,",animal,bird,,,,,,,,
"012. house finch,","house finch, linnet, Carpodacus mexicanus,",animal,bird,,,,,,,,
"013. junco,","junco, snowbird,",animal,bird,,,,,,,,
"014. indigo bunting,","indigo bunting, indigo finch, indigo bird, Passerina cyanea,",animal,bird,,,,,,,,
"015. American robin,","robin, American robin, Turdus migratorius,",animal,bird,,,,,,,,
"016. bulbul,","bulbul,",animal,bird,,,,,,,,
"017. jay,","jay,",animal,bird,,,,,,,,
"018. magpie,","magpie,",animal,bird,,,,,,,,
"019. chickadee,","chickadee,",animal,bird,,,,,,,,
"020. American dipper,","water ouzel, dipper,",animal,bird,,,,,,,,
"021. kite,","kite,",animal,bird,,,,,,,,
"022. bald eagle,","bald eagle, American eagle, Haliaeetus leucocephalus,",animal,bird,,,,,,,,
"023. vulture,","vulture,",animal,bird,,,,,,,,
"024. great grey owl,","great grey owl, great gray owl, Strix nebulosa,",animal,bird,,,,,,,,
"080. black grouse,","black grouse,",animal,bird,,,,,,,,
"081. ptarmigan,","ptarmigan,",animal,bird,,,,,,,,
"082. ruffed grouse,","ruffed grouse, partridge, Bonasa umbellus,",animal,bird,,,,,,,,
"083. prairie grouse,","prairie chicken, prairie grouse, prairie fowl,",animal,bird,,,,,,,,
"084. peacock,","peacock,",animal,bird,,,,,,,,
"085. quail,","quail,",animal,bird,,,,,,,,
"086. partridge,","partridge,",animal,bird,,,,,,,,
"087. grey parrot,","African grey, African gray, Psittacus erithacus,",animal,bird,,,,,,,,
"088. macaw,","macaw,",animal,bird,,,,,,,,
"089. sulphur-crested cockatoo,","sulphur-crested cockatoo, Kakatoe galerita, Cacatua galerita,",animal,bird,,,,,,,,
"090. lorikeet,","lorikeet,",animal,bird,,,,,,,,
"091. coucal,","coucal,",animal,bird,,,,,,,,
"092. bee eater,","bee eater,",animal,bird,,,,,,,,
"093. hornbill,","hornbill,",animal,bird,,,,,,,,
"094. hummingbird,","hummingbird,",animal,bird,,,,,,,,
"095. jacamar,","jacamar,",animal,bird,,,,,,,,
"096. toucan,","toucan,",animal,bird,,,,,,,,
"097. duck,","drake,",animal,bird,,,,,,,,
"098. red-breasted merganser,","red-breasted merganser, Mergus serrator,",animal,bird,,,,,,,,
"099. goose,","goose,",animal,bird,,,,,,,,
"100. black swan,","black swan, Cygnus atratus,",animal,bird,,,,,,,,
"127. white stork,","white stork, Ciconia ciconia,",animal,bird,marine,,,,,,,
"128. black stork,","black stork, Ciconia nigra,",animal,bird,,,,,,,,
"129. spoonbill,","spoonbill,",animal,bird,,,,,,,,
"130. flamingo,","flamingo,",animal,bird,,,,,,,,
"131. little blue heron,","little blue heron, Egretta caerulea,",animal,bird,,,,,,,,
"132. great egret,","American egret, great white heron, Egretta albus,",animal,bird,,,,,,,,
"133. bittern,","bittern,",animal,bird,,,,,,,,
"134. crane,","crane,",animal,bird,,,,,,,,
"135. limpkin,","limpkin, Aramus pictus,",animal,bird,,,,,,,,
"136. common gallinule,","European gallinule, Porphyrio porphyrio,",animal,bird,,,,,,,,
"137. American coot,","American coot, marsh hen, mud hen, water hen, Fulica americana,",animal,bird,,,,,,,,
"138. bustard,","bustard,",animal,bird,,,,,,,,
"139. ruddy turnstone,","ruddy turnstone, Arenaria interpres,",animal,bird,,,,,,,,
"140. dunlin,","red-backed sandpiper, dunlin, Erolia alpina,",animal,bird,,,,,,,,
"141. common redshank,","redshank, Tringa totanus,",animal,bird,,,,,,,,
"142. dowitcher,","dowitcher,",animal,bird,,,,,,,,
"143. oystercatcher,","oystercatcher, oyster catcher,",animal,bird,,,,,,,,
"144. pelican,","pelican,",animal,bird,,,,,,,,
"145. king penguin,","king penguin, Aptenodytes patagonica,",animal,bird,,,,,,,,
"146. albatross,","albatross, mollymawk,",animal,bird,,,,,,,,
"069. trilobite,","trilobite,",animal,arthopod,,,,,,,,
"070. harvestman,","harvestman, daddy longlegs, Phalangium opilio,",animal,arthopod,,,,,,,,
"071. scorpion,","scorpion,",animal,arthopod,,,,,,,,
"072. yellow garden spider,","black and gold garden spider, Argiope aurantia,",animal,arthopod,,,,,,,,
"073. barn spider,","barn spider, Araneus cavaticus,",animal,arthopod,,,,,,,,
"074. European garden spider,","garden spider, Aranea diademata,",animal,arthopod,,,,,,,,
"075. southern black widow,","black widow, Latrodectus mactans,",animal,arthopod,,,,,,,,
"076. tarantula,","tarantula,",animal,arthopod,,,,,,,,
"077. wolf spider,","wolf spider, hunting spider,",animal,arthopod,,,,,,,,
"078. tick,","tick,",animal,arthopod,,,,,,,,
"079. centipede,","centipede,",animal,arthopod,,,,,,,,
"406. altar,","altar,",item,architecture,,,,,,,,
"410. apiary,","apiary, bee house,",item,architecture,,,,,,,,
"415. bakery,","bakery, bakeshop, bakehouse,",item,architecture,,,,,,,,
"421. baluster,","bannister, banister, balustrade, balusters, handrail,",item,architecture,,,,,,,,
"424. barbershop,","barbershop,",item,architecture,,,,,,,,
"425. barn,","barn,",item,architecture,,,,,,,,
"437. lighthouse,","beacon, lighthouse, beacon light, pharos,",item,architecture,,,,,,,,
"442. bell-cot,","bell cote, bell cot,",item,architecture,,,,,,,,
"448. birdhouse,","birdhouse,",item,architecture,,,,,,,,
"449. boathouse,","boathouse,",item,architecture,,,,,,,,
"454. bookstore,","bookshop, bookstore, bookstall,",item,architecture,,,,,,,,
"460. breakwater,","breakwater, groin, groyne, mole, bulwark, seawall, jetty,",item,architecture,,,,,,,,
"467. butcher shop,","butcher shop, meat market,",item,architecture,,,,,,,,
"483. castle,","castle,",item,architecture,,,,,,,,
"489. chain-link fence,","chainlink fence,",item,architecture,,,,,,,,
"497. church,","church, church building,",item,architecture,,,,,,,,
"498. movie theater,","cinema, movie theater, movie theatre, movie house, picture palace,",item,architecture,,,,,,,,
"500. cliff dwelling,","cliff dwelling,",item,architecture,,,,,,,,
"509. confectionery store,","confectionery, confectionary, candy store,",item,architecture,,,,,,,,
"525. dam,","dam, dike, dyke,",item,architecture,,,,,,,,
"536. dock,","dock, dockage, docking facility,",item,architecture,,,,,,,,
"538. dome,","dome,",item,architecture,,,,,,,,
"540. drilling rig,","drilling platform, offshore rig,",item,architecture,,,,,,,,
"557. flagpole,","flagpole, flagstaff,",item,architecture,,,,,,,,
"562. fountain,","fountain,",item,architecture,,,,,,,,
"571. gas pump,","gas pump, gasoline pump, petrol pump, island dispenser,",item,architecture,,,,,,,,
"580. greenhouse,","greenhouse, nursery, glasshouse,",item,architecture,,,,,,,,
"582. grocery store,","grocery store, grocery, food market, market,",item,architecture,,,,,,,,
"598. home theater,","home theater, home theatre,",item,architecture,,,,,,,,
"624. library,","library,",item,architecture,,,,,,,,
"637. mailbox,","mailbox, letter box,",item,architecture,,,,,,,,
"640. manhole cover,","manhole cover,",item,architecture,,,,,,,,
"645. maypole,","maypole,",item,architecture,,,,,,,,
"646. maze,","maze, labyrinth,",item,architecture,,,,,,,,
"649. megalith,","megalith, megalithic structure,",item,architecture,,,,,,,,
"660. mobile home,","mobile home, manufactured home,",item,architecture,,,,,,,,
"663. monastery,","monastery,",item,architecture,,,,,,,,
"668. mosque,","mosque,",item,architecture,,,,,,,,
"672. tent,","mountain tent,",item,architecture,,,,,,,,
"682. obelisk,","obelisk,",item,architecture,,,,,,,,
"694. paddle wheel,","paddlewheel, paddle wheel,",item,architecture,,,,,,,,
"698. palace,","palace,",item,architecture,,,,,,,,
"703. park bench,","park bench,",item,architecture,,,,,,,,
"704. parking meter,","parking meter,",item,architecture,,,,,,,,
"706. patio,","patio, terrace,",item,architecture,,,,,,,,
"707. payphone,","pay-phone, pay-station,",item,architecture,,,,,,,,
"708. pedestal,","pedestal, plinth, footstall,",item,architecture,,,,,,,,
"716. picket fence,","picket fence, paling,",item,architecture,,,,,,,,
"718. pier,","pier,",item,architecture,,,,,,,,
"727. planetarium,","planetarium,",item,architecture,,,,,,,,
"733. pole,","pole,",item,architecture,,,,,,,,
"743. prison,","prison, prison house,",item,architecture,,,,,,,,
"755. radio telescope,","radio telescope, radio reflector,",item,architecture,,,,,,,,
"762. restaurant,","restaurant, eating house, eating place, eatery,",item,architecture,,,,,,,,
"788. shoe store,","shoe shop, shoe-shop, shoe store,",item,architecture,,,,,,,,
"807. solar thermal collector,","solar dish, solar collector, solar furnace,",item,architecture,,,,,,,,
"819. stage,","stage,",item,architecture,,,,,,,,
"821. through arch bridge,","steel arch bridge,",item,architecture,,,,,,,,
"825. stone wall,","stone wall,",item,architecture,,,,,,,,
"832. stupa,","stupa, tope,",item,architecture,,,,,,,,
"839. suspension bridge,","suspension bridge,",item,architecture,,,,,,,,
"843. swing,","swing,",item,architecture,,,,,,,,
"853. thatched roof,","thatch, thatched roof,",item,architecture,,,,,,,,
"858. tile roof,","tile roof,",item,architecture,,,,,,,,
"860. tobacco shop,","tobacco shop, tobacconist shop, tobacconist,",item,architecture,,,,,,,,
"863. totem pole,","totem pole,",item,architecture,,,,,,,,
"865. toy store,","toyshop,",item,architecture,,,,,,,,
"873. triumphal arch,","triumphal arch,",item,architecture,,,,,,,,
"877. turnstile,","turnstile,",item,architecture,,,,,,,,
"886. vending machine,","vending machine,",item,architecture,,,,,,,,
"888. viaduct,","viaduct,",item,architecture,,,,,,,,
"900. water tower,","water tower,",item,architecture,,,,,,,,
"904. window screen,","window screen,",item,architecture,,,,,,,,
"905. window shade,","window shade,",item,architecture,,,,,,,,
"912. split-rail fence,","worm fence, snake fence, snake-rail fence, Virginia fence,",item,architecture,,,,,,,,
"915. yurt,","yurt,",item,architecture,,,,,,,,
"919. traffic sign,","street sign,",item,architecture,,,,,,,,
"920. traffic light,","traffic light, traffic signal, stoplight,",item,architecture,,,,,,,,
"476. carousel,","carousel, carrousel, merry-go-round, roundabout, whirligig,",item,architecture,,,,,,,,
"789. shoji,","shoji,",item,architecture,,,,,,,,
"458. brass,","brass, memorial tablet, plaque,",item,architecture,,,,,,,,
"471. cannon,","cannon,",item,architecture,,,,,,,,
"634. sawmill,","lumbermill, sawmill,",item,architecture,,,,,,,,
"799. sliding door,","sliding door,",item,architecture,,,,,,,,
"818. spotlight,","spotlight, spot,",item,architecture,,,,,,,,
"835. sundial,","sundial,",item,architecture,,,,,,,,
"854. front curtain,","theater curtain, theatre curtain,",item,architecture,,,,,,,,
"884. vault,","vault,",item,architecture,,,,,,,,
"534. dishwasher,","dishwasher, dish washer, dishwashing machine,",item,appliances,,,,,,,,
"544. Dutch oven,","Dutch oven,",item,appliances,,,,,,,,
"550. espresso machine,","espresso maker,",item,appliances,,,,,,,,
"606. clothes iron,","iron, smoothing iron,",item,appliances,,,,,,,,
"651. microwave oven,","microwave, microwave oven,",item,appliances,,,,,,,,
"786. sewing machine,","sewing machine,",item,appliances,,,,,,,,
"713. photocopier,","photocopier,",item,appliance,,,,,,,,
"742. printer,","printer,",item,appliance,,,,,,,,
"753. radiator,","radiator,",item,appliance,,,,,,,,
"760. refrigerator,","refrigerator, icebox,",item,appliance,,,,,,,,
"766. rotisserie,","rotisserie,",item,appliance,,,,,,,,
"778. weighing scale,","scale, weighing machine,",item,appliance,,,,,,,,
"811. space heater,","space heater,",item,appliance,,,,,,,,
"827. stove,","stove,",item,appliance,,,,,,,,
"851. television,","television, television system,",item,appliance,,,,,,,,
"859. toaster,","toaster,",item,appliance,,,,,,,,
"882. vacuum cleaner,","vacuum, vacuum cleaner,",item,appliance,,,,,,,,
"891. waffle iron,","waffle iron,",item,appliance,,,,,,,,
"896. sink,","washbasin, handbasin, washbowl, lavabo, wash-hand basin,",item,appliance,,,,,,,,
"897. washing machine,","washer, automatic washer, washing machine,",item,appliance,,,,,,,,
"521. Crock Pot,","Crock Pot,",item,appliance,,,,,,,,
"025. fire salamander,","European fire salamander, Salamandra salamandra,",animal,amphibian,,,,,,,,
"026. smooth newt,","common newt, Triturus vulgaris,",animal,amphibian,,,,,,,,
"027. newt,","eft,",animal,amphibian,,,,,,,,
"028. spotted salamander,","spotted salamander, Ambystoma maculatum,",animal,amphibian,,,,,,,,
"029. axolotl,","axolotl, mud puppy, Ambystoma mexicanum,",animal,amphibian,,,,,,,,
"030. American bullfrog,","bullfrog, Rana catesbeiana,",animal,amphibian,,,,,,,,
"031. tree frog,","tree frog, tree-frog,",animal,amphibian,,,,,,,,
"032. tailed frog,","tailed frog, bell toad, ribbed toad, tailed toad, Ascaphus trui,",animal,amphibian,,,,,,,,
"033. loggerhead sea turtle,","loggerhead, loggerhead turtle, Caretta caretta,",animal,amphibian,,,,,,,,
"034. leatherback sea turtle,","leatherback turtle, leatherback, leathery turtle, Dermochelys coriacea,",animal,amphibian,,,,,,,,
"035. mud turtle,","mud turtle,",animal,amphibian,,,,,,,,
"036. terrapin,","terrapin,",animal,amphibian,,,,,,,,
"037. box turtle,","box turtle, box tortoise,",animal,amphibian,,,,,,,,
"924. guacamole,","guacamole,",food,,,,,,,,,
"925. consomme,","consomme,",food,,,,,,,,,
"926. hot pot,","hot pot, hotpot,",food,,,,,,,,,
"933. cheeseburger,","cheeseburger,",food,,,,,,,,,
"934. hot dog,","hotdog, hot dog, red hot,",food,,,,,,,,,
"935. mashed potato,","mashed potato,",food,,,,,,,,,
"959. carbonara,","carbonara,",food,,,,,,,,,
"962. meatloaf,","meat loaf, meatloaf,",food,,,,,,,,,
"963. pizza,","pizza, pizza pie,",food,,,,,,,,,
"964. pot pie,","potpie,",food,,,,,,,,,
"965. burrito,","burrito,",food,,,,,,,,,
"809. soup bowl,","soup bowl,",food,,,,,,,,,
"599. honeycomb,","honeycomb,",nature,,,,,,,,,
"971. bubble,","bubble,",nature,,,,,,,,,
"981. baseball player,","ballplayer, baseball player,",people,,,,,,,,,
"982. bridegroom,","groom, bridegroom,",people,,,,,,,,,
"983. scuba diver,","scuba diver,",people,,,,,,,,,